Welcome;I;Welcome to Camden Town!;['Welcome', 'to', 'Camden', 'Town', '!']
Welcome;I;Welcome to;['Welcome', 'to']
Welcome;I;can't (= cannot);"['ca', ""n't""]"
Welcome;I;to listen to;['listen', 'to']
Welcome;I;What's your name?;"['What', ""'s"", 'your', 'name', '?']"
Welcome;I;hello;['hello']
Welcome;I;I'm (= I am);"['I', ""'m""]"
Welcome;I;am;['am']
Welcome;I;Hello, I'm …;"['Hello', ',', 'I', ""'m""]"
Welcome;I;Where are you from?;['Where', 'are', 'you', 'from', '?']
Welcome;I;I'm from …;"['I', ""'m"", 'from']"
Welcome;I;sister;['sister']
Welcome;I;How old are you?;['How', 'old', 'are', 'you', '?']
Welcome;I;how;['how']
Welcome;I;I'm ten.;"['I', ""'m"", 'ten', '.']"
Welcome;I;I'm eleven years old.;"['I', ""'m"", 'eleven', 'year', 'old', '.']"
Welcome;I;We're twelve.;"['We', ""'re"", 'twelve', '.']"
Welcome;I;I'm … years old.;"['I', ""'m"", 'year', 'old', '.']"
Welcome;I;year;['year']
Welcome;I;we're (= we are);"['we', ""'re""]"
Welcome;I;we;['we']
Welcome;I;Elephants are my favourite animals.;['Elephants', 'are', 'my', 'favourite', 'animal', '.']
Welcome;I;boring;['boring']
Welcome;I;don't (= do not);"['do', ""n't""]"
Welcome;I;I don't like …;"['I', 'do', ""n't"", 'like']"
Welcome;I;to read;['read']
Welcome;I;What do you like?;['What', 'do', 'you', 'like', '?']
Welcome;I;What don't you like?;"['What', 'do', ""n't"", 'you', 'like', '?']"
Welcome;I;What about you?;['What', 'about', 'you', '?']
Welcome;I;what;['what']
Welcome;I;picture;['picture']
Welcome;I;What's … in English?;"['What', ""'s"", 'in', 'English', '?']"
Welcome;I;English;['English']
Welcome;I;in English;['in', 'English']
Welcome;I;to write;['write']
Welcome;I;to write down;['write', 'down']
Welcome;I;to find;['find']
Welcome;I;pet;['pet']
Welcome;I;game;['game']
Welcome;I;purple;['purple']
Welcome;I;red;['red']
Welcome;I;orange;['orange']
Welcome;I;grey;['grey']
Welcome;I;yellow;['yellow']
Welcome;I;green;['green']
Welcome;I;black;['black']
Welcome;I;white;['white']
Welcome;I;brown;['brown']
Welcome;I;blue;['blue']
Welcome;I;shut up (informal);['shut', 'up']
Welcome;I;I'm at Camden School for Girls.;"['I', ""'m"", 'at', 'Camden', 'School', 'for', 'Girls', '.']"
Welcome;I;girl;['girl']
Welcome;I;yes;['yes']
Welcome;I;his;['his']
Welcome;I;her;['her']
Welcome;I;So he isn't a baby like George.;"['So', 'he', 'is', ""n't"", 'a', 'baby', 'like', 'George', '.']"
Welcome;I;colour;['colour']
Welcome;I;example;['example']
Welcome;I;for example;['for', 'example']
1/A;I;at school;['at', 'school']
1/A1;I;what's (= what is);"['what', ""'s""]"
1/A1;I;there;['there']
1/A1;I;there is/are;['there', 'is']
1/A1;I;there's (= there is);"['there', ""'s""]"
1/A1;I;piece of paper;['piece', 'of', 'paper']
1/A1;I;scissors (only pl);['scissors', 'only']
1/A1;I;ruler;['ruler']
1/A2;I;word;['word']
1/A2;I;it's (= it is);"['it', ""'s""]"
1/A2;I;Where is …? / Where are …?;['Where', 'is', '?']
1/A2;I;that;['that']
1/A2;I;that's (= that is);"['that', ""'s""]"
1/A2;I;that's not (= that is not);"['that', ""'s"", 'not']"
1/A2;I;now;['now']
1/A4;I;or;['or']
1/A4;I;room;['room']
1/A4;I;right;['right']
1/A4;I;under;['under']
1/A4;I;in front of;['in', 'front', 'of']
1/A4;I;behind;['behind']
1/A4;I;between;['between']
1/B1;I;bye (informal)/goodbye;['bye']
1/B1;I;I'm sorry.;"['I', ""'m"", 'sorry', '.']"
1/B1;I;thanks;['thanks']
1/B1;I;thank you;['thank', 'you']
1/B4;I;number;['number']
1/B5;I;seven;['seven']
1/B5;I;one;['one']
1/B5;I;two;['two']
1/B5;I;three;['three']
1/B5;I;four;['four']
1/B5;I;five;['five']
1/B5;I;six;['six']
1/B5;I;eight;['eight']
1/B5;I;nine;['nine']
1/B5;I;ten;['ten']
1/B5;I;twelve;['twelve']
1/B6;I;to say;['say']
1/B6;I;Mrs;['Mrs']
1/B6;I;to be good at;['be', 'good', 'at']
1/B6;I;maths (informal, pl);['math', 'informal', ',']
1/B6;I;to let;['let']
1/B6;I;us;['u']
1/B6;I;let's (= let us);"['let', ""'s""]"
1/B7;I;desk;['desk']
1/B7;I;uniform;['uniform']
1/B8;I;she's (= she is);"['she', ""'s""]"
1/B8;I;she's (= she is);"['she', ""'s""]"
1/B8;I;aren't (= are not);"['are', ""n't""]"
1/B9;I;answer;['answer']
1/B9;I;question;['question']
1/B9;I;lesson;['lesson']
1/B10;I;then;['then']
1/B10;I;to ask;['ask']
1/B10;I;tall;['tall']
1/B11;I;why;['why']
1/B11;I;Indian;['Indian']
1/B11;I;mum (informal);['mum']
1/B11;I;Mum (informal);['Mum']
1/B11;I;father;['father']
1/B11;I;to speak;['speak']
1/B11;I;Greek;['Greek']
1/B11;I;but;['but']
1/B11;I;parents (pl);['parent']
1/B11;I;Hindi (no pl);['Hindi']
1/B11;I;at home;['at', 'home']
1/B11;I;shop;['shop']
1/B11;I;silly;['silly']
1/B11;I;sometimes;['sometimes']
1/B11;I;other;['other']
1/B11;I;people (no pl);['people']
1/B11;I;family;['family']
1/B11;I;grandparents (pl);['grandparent']
1/B11;I;aunt;['aunt']
1/B11;I;uncle;['uncle']
1/B11;I;break;['break']
1/B11;I;break's over;"['break', ""'s"", 'over']"
1/B11;I;grandmother;['grandmother']
1/B11;I;grandfather;['grandfather']
1/B11;I;them;['them']
1/B11;I;mother;['mother']
1/B11;I;son;['son']
1/B11;I;daughter;['daughter']
1/B11;I;cousin;['cousin']
1/B11;I;husband;['husband']
1/B11;I;wife;['wife']
1/B12;I;more;['more']
1/B13;I;your;['your']
1/B13;I;our;['our']
1/B13;I;their;['their']
1/B13;I;to have;['have']
1/B13;I;house;['house']
1/B13;I;its;['it']
1/B14;I;German;['German']
1/C1;I;library;['library']
1/C1;I;gym;['gym']
1/C1;I;sports ground;['sport', 'ground']
1/C1;I;IT room;['IT', 'room']
1/C1;I;assembly hall;['assembly', 'hall']
1/C1;I;science lab(oratory);['science', 'lab']
1/C2;I;classroom;['classroom']
1/C2;I;to do;['do']
1/C2;I;to have lunch;['have', 'lunch']
1/C2;I;lunch;['lunch']
1/C4;I;dialogue;['dialogue']
1/C4;I;IT (no pl) (= information technology);['IT', '=', 'information', 'technology']
1/C4;I;to look;['look']
1/C4;I;puzzle;['puzzle']
1/C4;I;Tuesday;['Tuesday']
1/C4;I;Wednesday;['Wednesday']
1/C4;I;technology;['technology']
1/C4;I;Thursday;['Thursday']
1/C4;I;Friday;['Friday']
1/C4;I;German;['German']
1/C4;I;Saturday;['Saturday']
1/C4;I;Sunday;['Sunday']
1/C4;I;week;['week']
1/C7;I;to give;['give']
1/C7;I;to sit down;['sit', 'down']
1/C7;I;to put;['put']
1/C8;I;phrase;['phrase']
1/C8;I;her;['her']
1/C9;I;rule;['rule']
1/C9;I;teacher;['teacher']
1/C9;I;homework (no pl);['homework']
1/C11;I;activity;['activity']
1/C11;I;pupil;['pupil']
1/C11;I;to draw;['draw']
1/C11;I;of;['of']
1/C11;I;feedback;['feedback']
2/A;I;at home;['at', 'home']
2/A1;I;am (= ante meridiem);['am']
2/A1;I;pm (= post meridiem);['pm']
2/A1;I;to be fun;['be', 'fun']
2/A1;I;night;['night']
2/A1;I;verse;['verse']
2/A1;I;to go with;['go', 'with']
2/A1;I;(one) o'clock;"[""o'clock""]"
2/A2;I;hour;['hour']
2/A2;I;minute;['minute']
2/A2;I;quarter of an hour;['quarter', 'of', 'an', 'hour']
2/A2;I;half an hour;['half', 'an', 'hour']
2/A2;I;to mean;['mean']
2/A3;I;to think of;['think', 'of']
2/A3;I;to think;['think']
2/A3;I;to work;['work']
2/A4;I;in the morning;['in', 'the', 'morning']
2/A4;I;to have breakfast;['have', 'breakfast']
2/A4;I;breakfast;['breakfast']
2/A4;I;in the afternoon;['in', 'the', 'afternoon']
2/A4;I;afternoon;['afternoon']
2/A4;I;in the evening;['in', 'the', 'evening']
2/A4;I;evening;['evening']
2/A4;I;to go to bed;['go', 'to', 'bed']
2/B1;I;cupboard;['cupboard']
2/B1;I;lamp;['lamp']
2/B1;I;carpet;['carpet']
2/B1;I;to tell;['tell']
2/B1;I;below;['below']
2/B3;I;brilliant (BE, informal);['brilliant', 'BE', ',']
2/B3;I;quite;['quite']
2/B3;I;well;['well']
2/B3;I;to be right;['be', 'right']
2/B3;I;to choose;['choose']
2/B3;I;crazy;['crazy']
2/B3;I;fantastic (informal);['fantastic']
2/B3;I;interesting;['interesting']
2/B4;I;who;['who']
2/B8;I;alone;['alone']
2/B8;I;to invite;['invite']
2/B9;I;to wait for;['wait', 'for']
2/B9;I;which;['which']
2/B11;I;to be angry with sb;['be', 'angry', 'with', 'sb']
2/B11;I;to believe;['believe']
2/C1;I;because;['because']
2/C2;I;when;['when']
2/C4;I;at the end;['at', 'the', 'end']
2/C4;I;without;['without']
2/C7;I;midnight (no pl);['midnight']
2/C8;I;What time is it?;['What', 'time', 'is', 'it', '?']
2/C8;I;What's the time?;"['What', ""'s"", 'the', 'time', '?']"
2/C8;I;to guess;['guess']
2/C8;I;to happen;['happen']
2/C8;I;maybe;['maybe']
2/C8;I;sleeping bag;['sleeping', 'bag']
2/C8;I;to be afraid (of);['be', 'afraid']
2/C8;I;suddenly;['suddenly']
2/C8;I;at that moment;['at', 'that', 'moment']
2/C8;I;just wait;['just', 'wait']
2/C8;I;to be asleep;['be', 'asleep']
2/C9;I;heading;['heading']
3/A;I;birthday;['birthday']
3/A;I;around the year;['around', 'the', 'year']
3/A1;I;calendar;['calendar']
3/A1;I;month;['month']
3/A2;I;to look at;['look', 'at']
3/A2;I;child (pl children);['child', 'child']
3/A2;I;when;['when']
3/A2;I;what;['what']
3/A2;I;other;['other']
3/A2;I;third;['third']
3/A2;I;June;['June']
3/A2;I;January;['January']
3/A2;I;February;['February']
3/A2;I;March;['March']
3/A2;I;July;['July']
3/A2;I;August;['August']
3/A2;I;September;['September']
3/A2;I;April;['April']
3/A2;I;May;['May']
3/A2;I;October;['October']
3/A2;I;November;['November']
3/A2;I;December;['December']
3/A2;I;first;['first']
3/A2;I;second;['second']
3/A3;I;in winter;['in', 'winter']
3/A3;I;winter;['winter']
3/A3;I;season;['season']
3/A3;I;spring;['spring']
3/A3;I;summer;['summer']
3/A3;I;autumn;['autumn']
3/A3;I;line;['line']
3/A3;I;place;['place']
3/A3;I;to change places;['change', 'place']
3/A4;I;cake;['cake']
3/A4;I;swimming;['swimming']
3/A4;I;to go swimming;['go', 'swimming']
3/A4;I;to have a party;['have', 'a', 'party']
3/A4;I;ice-skating;['ice-skating']
3/A5;I;date;['date']
3/A5;I;short;['short']
3/A5;I;to drink;['drink']
3/A5;I;to decorate;['decorate']
3/B1;I;sure (informal);['sure']
3/B1;I;to answer;['answer']
3/B3;I;him;['him']
3/B3;I;her;['her']
3/B3;I;food (no pl);['food']
3/B3;I;present;['present']
3/B7;I;leaflet;['leaflet']
3/B7;I;to try;['try']
3/B8;I;better;['better']
3/B8;I;a bit;['a', 'bit']
3/B8;I;to be sure;['be', 'sure']
3/B8;I;sure;['sure']
3/B8;I;I'm afraid;"['I', ""'m"", 'afraid']"
3/B9;I;to take place;['take', 'place']
3/B9;I;to offer;['offer']
3/B9;I;to sell;['sell']
3/B9;I;to call;['call']
3/B9;I;guest;['guest']
3/B11;I;to learn;['learn']
3/B11;I;to finish;['finish']
3/B11;I;to wear;['wear']
3/B12;I;to go on;['go', 'on']
3/B12;I;the other one;['the', 'other', 'one']
3/B12;I;to think of;['think', 'of']
3/C2;I;needn't (= need not);"['need', ""n't""]"
3/C2;I;shopping (no pl);['shopping']
3/C4;I;punch;['punch']
3/C4;I;fridge (informal);['fridge']
3/C4;I;banana;['banana']
3/C4;I;have to;['have', 'to']
3/C4;I;pineapple;['pineapple']
3/C4;I;to mix;['mix']
3/C4;I;to cut;['cut']
3/C4;I;fruit (no pl);['fruit']
3/C4;I;salt (no pl);['salt']
3/C4;I;pepper (no pl);['pepper']
3/C4;I;cheese;['cheese']
3/C4;I;ham;['ham']
3/C4;I;tomato;['tomato']
3/C4;I;to flatten;['flatten']
3/C4;I;to bake;['bake']
3/C5;I;cookbook;['cookbook']
3/C5;I;on the Internet;['on', 'the', 'Internet']
3/C5;I;to take photos;['take', 'photo']
3/C6;I;title;['title']
3/C6;I;man (pl men);['man', 'men']
3/C6;I;to keep;['keep']
3/C6;I;that sounds fun;['that', 'sound', 'fun']
3/C6;I;ready;['ready']
3/C6;I;to swing;['swing']
3/C6;I;leg;['leg']
3/C6;I;to slow down;['slow', 'down']
3/C6;I;to watch out (for);['watch', 'out']
3/C6;I;to live;['live']
3/C7;I;order;['order']
3/C7;I;after that;['after', 'that']
3/C7;I;in the end;['in', 'the', 'end']
3/C7;I;end;['end']
3/C8;I;stupid;['stupid']
3/C8;I;hurt;['hurt']
3/C8;I;to surprise;['surprise']
3/C9;I;role;['role']
3/C9;I;narrator;['narrator']
3/C9;I;quietly;['quietly']
3/C9;I;character;['character']
3/C10;I;information (no pl);['information']
3/C10;I;act;['act']
4/A;I;free time;['free', 'time']
4/A1;I;note;['note']
4/A2;I;to go canoeing;['go', 'canoeing']
4/A2;I;castle;['castle']
4/A2;I;to visit;['visit']
4/A3;I;to add (sth to sth);['add']
4/A4;I;area;['area']
4/A4;I;British;['British']
4/A4;I;where;['where']
4/A4;I;each;['each']
4/A4;I;group;['group']
4/B1;I;crisps (pl, BE);['crisp', ',', 'BE']
4/B2;I;to lie;['lie']
4/B2;I;to win;['win']
4/B2;I;budgie (= budgerigar) (informal);['budgie', '=', 'budgerigar']
4/B3;I;to form;['form']
4/B3;I;careful;['careful']
4/B3;I;spelling;['spelling']
4/B5;I;to answer the phone;['answer', 'the', 'phone']
4/B5;I;telephone;['telephone']
4/B5;I;to show sb (a)round;['show', 'sb', 'round']
4/B7;I;to mime;['mime']
4/B7;I;action;['action']
4/B9;I;to use;['use']
4/B9;I;to cheer;['cheer']
4/B9;I;to cry;['cry']
4/B9;I;to walk off;['walk', 'off']
4/B9;I;to say sorry;['say', 'sorry']
4/C2;I;somebody;['somebody']
4/C2;I;tall;['tall']
4/C2;I;blond(e);['blond']
4/C2;I;hair (no pl);['hair']
4/C2;I;others (pl);['others']
4/C2;I;trousers (pl);['trouser']
4/C2;I;skirt;['skirt']
4/C3;I;this T-shirt;['this', 'T-shirt']
4/C3;I;shop assistant;['shop', 'assistant']
4/C3;I;We're just looking.;"['We', ""'re"", 'just', 'looking', '.']"
4/C3;I;it's (= it is);"['it', ""'s""]"
4/C3;I;Why don't you buy it anyway?;"['Why', 'do', ""n't"", 'you', 'buy', 'it', 'anyway', '?']"
4/C3;I;customer;['customer']
4/C4;I;to go shopping;['go', 'shopping']
4/C5;I;to be missing;['be', 'missing']
4/C5;I;to be a pity;['be', 'a', 'pity']
4/C5;I;to bring;['bring']
4/C5;I;to make fun of sb;['make', 'fun', 'of', 'sb']
4/C5;I;to kiss;['kiss']
4/C5;I;to take;['take']
4/C8;I;was, were;['wa', ',', 'were']
4/C8;I;to steal;['steal']
4/C8;I;to stay;['stay']
4/C8;I;finally;['finally']
4/C8;I;to arrive;['arrive']
4/C8;I;on the left;['on', 'the', 'left']
4/C8;I;couldn't (= could not);"['could', ""n't""]"
4/C8;I;to switch on;['switch', 'on']
4/C8;I;to fall;['fall']
4/C10;I;in;['in']
4/C10;I;dress;['dress']
4/C10;I;owner;['owner']
4/C11;I;everything;['everything']
4/C11;I;the police (no pl);['the', 'police']
4/C11;I;to notice;['notice']
4/C13;I;letter;['letter']
4/C13;I;to get;['get']
4/C13;I;How are you?;['How', 'are', 'you', '?']
4/C13;I;Say hi to ... for me!;['Say', 'hi', 'to', 'for', 'me', '!']
4/C13;I;I'm fine;"['I', ""'m"", 'fine']"
4/C13;I;yesterday;['yesterday']
5/A;I;world;['world']
5/A1;I;sound;['sound']
5/A1;I;farm;['farm']
5/A1;I;wild;['wild']
5/A1;I;fish (pl fish or fishes);['fish', 'fish', 'or', 'fish']
5/A1;I;mouse (pl mice);['mouse', 'mouse']
5/A1;I;cow;['cow']
5/A1;I;pig;['pig']
5/A1;I;sheep (pl sheep);['sheep', 'sheep']
5/A1;I;chicken;['chicken']
5/A1;I;horse;['horse']
5/A1;I;duck;['duck']
5/A1;I;lion;['lion']
5/A1;I;seal;['seal']
5/A1;I;fur (no pl);['fur']
5/A2;I;nose;['nose']
5/A2;I;ear;['ear']
5/A2;I;mouth;['mouth']
5/A2;I;tooth (pl teeth);['tooth', 'teeth']
5/A2;I;feather;['feather']
5/A2;I;wing;['wing']
5/A2;I;tail;['tail']
5/A2;I;head;['head']
5/A4;I;poem;['poem']
5/A4;I;bird;['bird']
5/A6;I;to present (sth to sb);['present']
5/A6;I;to catch;['catch']
5/A6;I;looks (pl);['look']
5/A6;I;to begin;['begin']
5/A6;I;home;['home']
5/A6;I;to illustrate;['illustrate']
5/B1;I;to speculate (on);['speculate']
5/B1;I;What is ... like?;['What', 'is', 'like', '?']
5/B1;I;perhaps;['perhaps']
5/B2;I;to calm down;['calm', 'down']
5/B2;I;to seem;['seem']
5/B2;I;shouldn't (= should not);"['should', ""n't""]"
5/B2;I;to lick;['lick']
5/B2;I;mustn't (= must not);"['must', ""n't""]"
5/B2;I;to look for;['look', 'for']
5/B2;I;flat (BE);['flat']
5/B3;I;worried;['worried']
5/B3;I;to imagine;['imagine']
5/B5;I;interest;['interest']
5/B5;I;in the street;['in', 'the', 'street']
5/B6;I;enough;['enough']
5/B6;I;to discuss;['discus']
5/B7;I;statement;['statement']
5/B7;I;to be lucky;['be', 'lucky']
5/B7;I;difficult;['difficult']
5/B8;I;disappointed;['disappointed']
5/B8;I;safe;['safe']
5/B8;I;scared;['scared']
5/B8;I;surprised;['surprised']
5/B8;I;pleased;['pleased']
5/B9;I;shocked;['shocked']
5/B9;I;to be wrong;['be', 'wrong']
5/B9;I;second;['second']
5/B9;I;possible;['possible']
5/B9;I;I'd love to have;"['I', ""'d"", 'love', 'to', 'have']"
5/B9;I;to give sth a go;['give', 'sth', 'a', 'go']
5/B10;I;the other one;['the', 'other', 'one']
5/B10;I;to understand;['understand']
5/B10;I;animal shelter;['animal', 'shelter']
5/B10;I;real;['real']
5/B10;I;to explain (sth to sb);['explain']
5/B10;I;to practise;['practise']
5/C2;I;chameleon;['chameleon']
5/C2;I;to feed;['feed']
5/C2;I;didn't (= did not);"['did', ""n't""]"
5/C2;I;to wiggle (out);['wiggle']
5/C2;I;to take away;['take', 'away']
5/C2;I;to drive;['drive']
5/C2;I;to miaow;['miaow']
5/C2;I;not ... anymore;['not', 'anymore']
5/C4;I;What happened?;['What', 'happened', '?']
5/C4;I;(it) makes me feel ...;['make', 'me', 'feel']
5/C4;I;unhappy;['unhappy']
5/C4;I;upset;['upset']
5/C6;I;news (pl);['news']
5/C6;I;these (= pl of this);['these', '=', 'of', 'this']
5/C6;I;not even;['not', 'even']
5/C6;I;those (= pl of that);['those', '=', 'of', 'that']
5/C6;I;What's wrong with ...?;"['What', ""'s"", 'wrong', 'with', '?']"
5/C11;I;toy;['toy']
5/C11;I;to present (sth to sb);['present']
5/C11;I;to decide;['decide']
6/A;I;Britain;['Britain']
6/A1;I;wish;['wish']
6/A1;I;brochure;['brochure']
6/A1;I;sea (no pl);['sea']
6/A1;I;(a) must (no pl);['a', 'must']
6/A1;I;adventure;['adventure']
6/A1;I;north;['north']
6/A1;I;roller coaster;['roller', 'coaster']
6/A1;I;to spend;['spend']
6/A1;I;to be free;['be', 'free']
6/A1;I;ft (= foot, pl feet);['ft', '=', 'foot', ',', 'foot']
6/A1;I;national;['national']
6/A1;I;to climb (up);['climb']
6/A1;I;coal;['coal']
6/A1;I;to take a tour;['take', 'a', 'tour']
6/A2;I;attractive;['attractive']
6/A2;I;to rank;['rank']
6/A3;I;English-speaking;['English-speaking']
6/B1;I;diary;['diary']
6/B1;I;to be over;['be', 'over']
6/B1;I;That would be great.;['That', 'would', 'be', 'great', '.']
6/B1;I;Things are looking up.;['Things', 'are', 'looking', 'up', '.']
6/B1;I;feeling;['feeling']
6/B2;I;to hide;['hide']
6/B4;I;to go to the seaside;['go', 'to', 'the', 'seaside']
6/B4;I;seaside (BE, no pl);['seaside', 'BE', ',']
6/B4;I;to go camping;['go', 'camping']
6/B4;I;to ride;['ride']
6/B4;I;bike (informal);['bike']
6/B4;I;result;['result']
6/B5;I;to be called;['be', 'called']
6/B8;I;entry;['entry']
6/C1;I;to rhyme;['rhyme']
6/C4;I;suitcase;['suitcase']
6/C4;I;shoe;['shoe']
6/C4;I;sunglasses (pl);['sunglass']
6/C4;I;hair dryer;['hair', 'dryer']
6/C4;I;trainer;['trainer']
6/C4;I;swimsuit;['swimsuit']
6/C4;I;umbrella;['umbrella']
6/C4;I;camera;['camera']
6/C4;I;hiking boots (pl);['hiking', 'boot']
6/C4;I;boot;['boot']
6/C4;I;wellington (boot) (BE);['wellington', '(', 'BE', ')']
6/C5;I;at the front (of);['at', 'the', 'front']
6/C6;I;to get to;['get', 'to']
6/C6;I;to be interested (in);['be', 'interested']
6/C6;I;whale;['whale']
6/C6;I;to go seal-spotting;['go', 'seal-spotting']
6/C7;I;toward(s);['toward']
6/C7;I;to work;['work']
6/C7;I;quickly;['quickly']
6/C7;I;ending;['ending']
6/C9;I;postcard;['postcard']
6/C9;I;to puzzle out;['puzzle', 'out']
6/C9;I;to look forward to doing sth;['look', 'forward', 'to', 'doing', 'sth']
6/C9;I;to look forward to sth;['look', 'forward', 'to', 'sth']
6/C9;I;to wish;['wish']
6/C9;I;Wish you were here!;['Wish', 'you', 'were', 'here', '!']
6/C9;I;love;['love']
6/C11;I;to send;['send']
1/A1;II;most;['most']
1/A1;II;to organize;['organize']
1/A2;II;back;['back']
1/A2;II;to complete;['complete']
1/A2;II;grid;['grid']
1/A2;II;whose;['whose']
1/A2;II;which;['which']
1/A2;II;best;['best']
1/A3;II;to prepare;['prepare']
1/A3;II;exciting;['exciting']
1/A3;II;camping (no pl);['camping']
1/A3;II;rainy;['rainy']
1/A3;II;cloudy;['cloudy']
1/A3;II;foggy;['foggy']
1/A3;II;snowy;['snowy']
1/A3;II;clear;['clear']
1/B1;II;about;['about']
1/B1;II;to note down;['note', 'down']
1/B1;II;cute;['cute']
1/B1;II;pretty;['pretty']
1/B1;II;to go for a ride;['go', 'for', 'a', 'ride']
1/B1;II;only;['only']
1/B1;II;a small one;['a', 'small', 'one']
1/B1;II;barbecue;['barbecue']
1/B1;II;to fall off;['fall', 'off']
1/B1;II;both;['both']
1/B1;II;nobody;['nobody']
1/B1;II;to be left;['be', 'left']
1/B1;II;the only one;['the', 'only', 'one']
1/B1;II;to miss;['miss']
1/B1;II;after all;['after', 'all']
1/B2;II;phrase;['phrase']
1/B2;II;to structure;['structure']
1/B2;II;love;['love']
1/B3;II;city;['city']
1/B4;II;to fill in;['fill', 'in']
1/B4;II;careful;['careful']
1/B5;II;to compare;['compare']
1/B5;II;delicious;['delicious']
1/B5;II;support;['support']
1/B7;II;except;['except']
1/B7;II;instructor;['instructor']
1/B7;II;around;['around']
1/B7;II;while;['while']
1/B7;II;if;['if']
1/B7;II;just;['just']
1/B7;II;river;['river']
1/B7;II;mark;['mark']
1/B7;II;opposite;['opposite']
1/B7;II;direction;['direction']
1/B7;II;to remember;['remember']
1/B7;II;to turn (a)round;['turn', 'round']
1/B7;II;the others;['the', 'others']
1/B7;II;however;['however']
1/B7;II;to become;['become']
1/B7;II;nervous;['nervous']
1/B7;II;it's OK (informal);"['it', ""'s"", 'OK']"
1/B7;II;almost;['almost']
1/B7;II;to be lost;['be', 'lost']
1/B9;II;structure;['structure']
1/B9;II;e.g.;['e.g', '.']
1/B9;II;to connect;['connect']
1/B9;II;sentence;['sentence']
1/B10;II;connective;['connective']
1/B10;II;direct speech;['direct', 'speech']
1/B10;II;by;['by']
1/B10;II;different;['different']
1/B10;II;which one;['which', 'one']
1/C;II;trouble (no pl);['trouble']
1/C1;II;to make sb angry;['make', 'sb', 'angry']
1/C1;II;to collect;['collect']
1/C1;II;to get into trouble;['get', 'into', 'trouble']
1/C2;II;to record;['record']
1/C2;II;to guess;['guess']
1/C2;II;It won't happen again.;"['It', 'wo', ""n't"", 'happen', 'again', '.']"
1/C2;II;I don't think so;"['I', 'do', ""n't"", 'think', 'so']"
1/C2;II;those (= pl of that);['those', '=', 'of', 'that']
1/C2;II;maybe;['maybe']
1/C3;II;to feel;['feel']
1/C3;II;to express;['express']
1/C3;II;someone;['someone']
1/C3;II;to feel sorry;['feel', 'sorry']
1/C6;II;a few;['a', 'few']
1/C6;II;note;['note']
1/C6;II;each other;['each', 'other']
1/C6;II;No way! (informal);['No', 'way', '!']
1/C6;II;Roman;['Roman']
1/C6;II;Celt;['Celt']
1/C6;II;how to;['how', 'to']
1/C6;II;to disagree;['disagree']
1/C6;II;to mark;['mark']
1/C7;II;favourite;['favourite']
1/C7;II;material;['material']
1/C7;II;the BBC (= British Broadcasting Corporation);['the', 'BBC']
1/C7;II;without;['without']
1/C8;II;announcement;['announcement']
1/C8;II;over;['over']
1/C8;II;PA (= public address) system;['PA']
1/C9;II;role;['role']
1/C9;II;to think about sb/sth;['think', 'about', 'sb']
1/C9;II;character;['character']
1/C9;II;kind;['kind']
1/C9;II;to plan;['plan']
1/C9;II;polite;['polite']
1/C9;II;to start a business;['start', 'a', 'business']
1/C9;II;to punish;['punish']
1/C9;II;such;['such']
1/C9;II;to save money;['save', 'money']
1/C9;II;convincing;['convincing']
1/C9;II;language;['language']
1/C9;II;to act;['act']
2/A;II;to get sth started;['get', 'sth', 'started']
2/A1;II;Christmas;['Christmas']
2/A1;II;decoration;['decoration']
2/A1;II;normal;['normal']
2/A1;II;celebration;['celebration']
2/A2;II;member;['member']
2/A2;II;Diwali;['Diwali']
2/A2;II;Hindu;['Hindu']
2/A2;II;to perform;['perform']
2/A2;II;goddess;['goddess']
2/A2;II;wealth;['wealth']
2/A2;II;candle;['candle']
2/A2;II;into;['into']
2/A2;II;each other;['each', 'other']
2/A2;II;the best thing (about);['the', 'best', 'thing']
2/A2;II;to blow up;['blow', 'up']
2/A2;II;Houses of Parliament;['Houses', 'of', 'Parliament']
2/A2;II;to kill;['kill']
2/A2;II;to light;['light']
2/A2;II;to imagine;['imagine']
2/A2;II;would;['would']
2/A2;II;reason;['reason']
2/A3;II;English-speaking;['English-speaking']
2/A3;II;St Patrick's Day;"['St', 'Patrick', ""'s"", 'Day']"
2/A3;II;to include;['include']
2/B;II;planner;['planner']
2/B2;II;What is ... about?;['What', 'is', 'about', '?']
2/B2;II;in style;['in', 'style']
2/B2;II;fabulous;['fabulous']
2/B2;II;himself;['himself']
2/B2;II;message;['message']
2/B3;II;to organize;['organize']
2/B3;II;before;['before']
2/B3;II;to close;['close']
2/B3;II;to be crazy about sb/sth;['be', 'crazy', 'about', 'sb']
2/B3;II;noisy;['noisy']
2/B3;II;wouldn't (= would not);"['would', ""n't""]"
2/B3;II;quite;['quite']
2/B3;II;anyone in particular;['anyone', 'in', 'particular']
2/B3;II;bossy-boots (BE, informal);['bossy-boots', 'BE', ',']
2/B3;II;Greek;['Greek']
2/B3;II;crisps (pl, BE);['crisp', ',', 'BE']
2/B3;II;to text (sb);['text']
2/B3;II;else;['else']
2/B4;II;annoyed;['annoyed']
2/B4;II;nosy;['nosy']
2/B4;II;bossy;['bossy']
2/B5;II;to react (to sb/sth);['react']
2/B5;II;news (pl);['news']
2/B5;II;it's (= it is);"['it', ""'s""]"
2/B5;II;will;['will']
2/B5;II;Guess what!;['Guess', 'what', '!']
2/B5;II;What a mess!;['What', 'a', 'mess', '!']
2/B5;II;won't (= will not);"['wo', ""n't""]"
2/B6;II;tense;['tense']
2/B6;II;future;['future']
2/B6;II;positive;['positive']
2/B6;II;negative;['negative']
2/B6;II;to form;['form']
2/B6;II;to introduce;['introduce']
2/B8;II;part;['part']
2/B9;II;to feel;['feel']
2/B9;II;necessary;['necessary']
2/C2;II;to expect;['expect']
2/C2;II;actually;['actually']
2/C2;II;to speak to sb;['speak', 'to', 'sb']
2/C2;II;to follow sb around;['follow', 'sb', 'around']
2/C2;II;to have a crush on;['have', 'a', 'crush', 'on']
2/C2;II;to want sb to do sth;['want', 'sb', 'to', 'do', 'sth']
2/C2;II;embarrassed;['embarrassed']
2/C2;II;important;['important']
2/C3;II;conversation;['conversation']
2/C5;II;bored;['bored']
2/P8;II;following;['following']
2/C6;II;chain;['chain']
2/C6;II;fantasy;['fantasy']
2/C7;II;to spoil;['spoil']
2/C7;II;doorbell;['doorbell']
2/C7;II;caption;['caption']
2/C7;II;toward(s);['toward']
2/C7;II;to go off;['go', 'off']
2/C8;II;atmosphere;['atmosphere']
2/C8;II;beginning;['beginning']
2/C8;II;end;['end']
2/C8;II;by heart;['by', 'heart']
2/C9;II;to ring (up);['ring']
2/C10;II;to speculate (on);['speculate']
2/C10;II;to agree (on);['agree']
2/C10;II;speech bubble;['speech', 'bubble']
3/A;II;scream;['scream']
3/A2;II;sight;['sight']
3/A2;II;order;['order']
3/A2;II;about;['about']
3/A3;II;I'd like to (= I would like to);"['I', ""'d"", 'like', 'to']"
3/A3;II;bottom;['bottom']
3/A3;II;page;['page']
3/A3;II;to make sb do sth;['make', 'sb', 'do', 'sth']
3/A3;II;to be worth sth;['be', 'worth', 'sth']
3/A4;II;tourist;['tourist']
3/A4;II;corner;['corner']
3/A4;II;acrobat;['acrobat']
3/A4;II;musician;['musician']
3/A4;II;once;['once']
3/A4;II;vegetable;['vegetable']
3/A4;II;to watch out (for);['watch', 'out']
3/A4;II;right;['right']
3/A4;II;across;['across']
3/A4;II;costume;['costume']
3/A4;II;prop;['prop']
3/A4;II;programme;['programme']
3/A4;II;to get into;['get', 'into']
3/A4;II;yourself (pl yourselves);['yourself', 'yourselves']
3/A4;II;to race;['race']
3/A4;II;stadium;['stadium']
3/A4;II;to be into sb/sth (informal);['be', 'into', 'sb']
3/A4;II;spectacular;['spectacular']
3/A4;II;virtual;['virtual']
3/A4;II;(a) must (no pl);['a', 'must']
3/A4;II;stunning;['stunning']
3/A4;II;to explore;['explore']
3/A4;II;the universe;['the', 'universe']
3/A4;II;technology;['technology']
3/A4;II;to change;['change']
3/A4;II;still;['still']
3/A4;II;power station;['power', 'station']
3/A4;II;view;['view']
3/B1;II;to show sb (a)round;['show', 'sb', 'round']
3/B1;II;natural history (no pl);['natural', 'history']
3/B1;II;not ... anything else;['not', 'anything', 'else']
3/B1;II;You must be joking! (informal);['You', 'must', 'be', 'joking', '!']
3/B1;II;to change one's mind;"['change', 'one', ""'s"", 'mind']"
3/B1;II;busy;['busy']
3/B1;II;to go on a tour;['go', 'on', 'a', 'tour']
3/B1;II;to pay;['pay']
3/B1;II;suggestion;['suggestion']
3/B3;II;to pack one's bags;"['pack', 'one', ""'s"", 'bag']"
3/B3;II;to look up sth;['look', 'up', 'sth']
3/B3;II;train;['train']
3/B3;II;battery;['battery']
3/B3;II;to e-mail;['e-mail']
3/B4;II;top;['top']
3/B4;II;middle;['middle']
3/B4;II;letter;['letter']
3/B4;II;below;['below']
3/B4;II;heading;['heading']
3/B4;II;choice;['choice']
3/B5;II;meaning;['meaning']
3/B5;II;similar;['similar']
3/B5;II;dictionary;['dictionary']
3/B6;II;search;['search']
3/B7;II;to hop on;['hop', 'on']
3/B7;II;to hop off;['hop', 'off']
3/B7;II;ever;['ever']
3/B7;II;double-decker;['double-decker']
3/B7;II;all over the place;['all', 'over', 'the', 'place']
3/B7;II;battleship;['battleship']
3/B7;II;to book;['book']
3/B7;II;to admit;['admit']
3/B7;II;the real thing;['the', 'real', 'thing']
3/B7;II;phone call (= telephone call);['phone', 'call']
3/B7;II;right (informal);['right']
3/B8;II;like this;['like', 'this']
3/B9;II;winner;['winner']
3/B9;II;queen;['queen']
3/B9;II;to go on a trip;['go', 'on', 'a', 'trip']
3/B9;II;step;['step']
3/B9;II;inside;['inside']
3/B9;II;squirrel;['squirrel']
3/C1;II;to lose one's way;"['lose', 'one', ""'s"", 'way']"
3/C1;II;to lose sight of;['lose', 'sight', 'of']
3/C1;II;frightened;['frightened']
3/C2;II;well organized;['well', 'organized']
3/C2;II;to lose;['lose']
3/C2;II;Tube;['Tube']
3/C2;II;full;['full']
3/C2;II;to get off;['get', 'off']
3/C2;II;not ... anymore;['not', 'anymore']
3/C2;II;to get lost;['get', 'lost']
3/C2;II;bathroom;['bathroom']
3/C2;II;to charge;['charge']
3/C2;II;that's why;"['that', ""'s"", 'why']"
3/C2;II;the Underground (BE, no pl);['the', 'Underground', 'BE', ',']
3/C2;II;road;['road']
3/C2;II;sign;['sign']
3/C2;II;along;['along']
3/C2;II;to turn right/left;['turn', 'right']
3/C2;II;to walk straight on;['walk', 'straight', 'on']
3/C2;II;to walk on;['walk', 'on']
3/C2;II;to cross;['cross']
3/C2;II;it says;['it', 'say']
3/C3;II;church;['church']
3/C3;II;hospital;['hospital']
3/C3;II;university;['university']
3/C3;II;till (= until);['till']
3/C5;II;to describe;['describe']
3/C5;II;to belong to sb;['belong', 'to', 'sb']
3/C5;II;Sir;['Sir']
3/C5;II;writer;['writer']
3/C5;II;to create;['create']
3/C5;II;to star in a film/play;['star', 'in', 'a', 'film']
3/C5;II;gaslight;['gaslight']
3/C5;II;century;['century']
3/C5;II;medical bag;['medical', 'bag']
3/C5;II;to shoot sb;['shoot', 'sb']
3/C5;II;poor;['poor']
3/C5;II;trapdoor;['trapdoor']
3/C5;II;it says so;['it', 'say', 'so']
3/C5;II;gallery;['gallery']
3/C5;II;actor;['actor']
3/C8;II;area;['area']
4/A1;II;to hate to do sth;['hate', 'to', 'do', 'sth']
4/A1;II;jumble sale (BE);['jumble', 'sale']
4/A1;II;fundraising;['fundraising']
4/A1;II;toy;['toy']
4/A1;II;be able to do sth;['be', 'able', 'to', 'do', 'sth']
4/A1;II;department;['department']
4/A1;II;to contact sb;['contact', 'sb']
4/A1;II;pre-;['pre-']
4/A1;II;concert;['concert']
4/A1;II;to leave for;['leave', 'for']
4/A1;II;choir;['choir']
4/A1;II;symphony orchestra;['symphony', 'orchestra']
4/A1;II;selection;['selection']
4/A1;II;popular;['popular']
4/A1;II;main hall;['main', 'hall']
4/A1;II;included;['included']
4/A1;II;drink;['drink']
4/A1;II;prize;['prize']
4/A1;II;winning team;['winning', 'team']
4/A2;II;to include;['include']
4/A2;II;age;['age']
4/A3;II;praise (no pl);['praise']
4/A3;II;to praise;['praise']
4/A3;II;to perform;['perform']
4/A3;II;across;['across']
4/A3;II;reward;['reward']
4/A3;II;hard;['hard']
4/A3;II;year;['year']
4/A3;II;to represent sb/sth;['represent', 'sb']
4/A3;II;company;['company']
4/A3;II;half (pl halves);['half', 'half']
4/A3;II;act;['act']
4/A3;II;to receive;['receive']
4/A3;II;never-ending;['never-ending']
4/A3;II;brilliant (BE, informal);['brilliant', 'BE', ',']
4/A3;II;audience;['audience']
4/A5;II;title;['title']
4/A5;II;introduction;['introduction']
4/A5;II;detail;['detail']
4/A5;II;to comment (on);['comment']
4/A5;II;positive;['positive']
4/B;II;talent;['talent']
4/B1;II;totally;['totally']
4/B1;II;comedy;['comedy']
4/B1;II;for a while;['for', 'a', 'while']
4/B1;II;ages (pl, informal);['age', ',', 'informal']
4/B1;II;silly;['silly']
4/B1;II;classic;['classic']
4/B1;II;by;['by']
4/B1;II;to do research;['do', 'research']
4/B1;II;invasion;['invasion']
4/B1;II;let me see;['let', 'me', 'see']
4/B1;II;stuff (no pl, informal);['stuff', ',', 'informal']
4/B1;II;twilight;['twilight']
4/B4;II;for how long;['for', 'how', 'long']
4/B4;II;to dream (of);['dream']
4/B5;II;argument;['argument']
4/B8;II;to copy;['copy']
4/B8;II;script;['script']
4/B8;II;secretary;['secretary']
4/B8;II;assembly hall;['assembly', 'hall']
4/B9;II;text message;['text', 'message']
4/B10;II;melody;['melody']
4/B10;II;lyrics (pl);['lyric']
4/B10;II;slow;['slow']
4/B10;II;cheerful;['cheerful']
4/B11;II;eerie;['eerie']
4/B11;II;to creep;['creep']
4/B11;II;basement;['basement']
4/B11;II;to lurk;['lurk']
4/B11;II;shadow;['shadow']
4/B11;II;to give sb a scare;['give', 'sb', 'a', 'scare']
4/B11;II;such;['such']
4/B11;II;ghostly;['ghostly']
4/B11;II;skin (no pl);['skin']
4/B11;II;pointy;['pointy']
4/B11;II;to bite;['bite']
4/B11;II;to hang out with sb;['hang', 'out', 'with', 'sb']
4/B11;II;at all;['at', 'all']
4/B11;II;verse;['verse']
4/B12;II;singer;['singer']
4/B12;II;profile;['profile']
4/C1;II;convincing;['convincing']
4/C1;II;directions (pl);['direction']
4/C1;II;actress;['actress']
4/C1;II;admiring;['admiring']
4/C1;II;to roll one's eyes;"['roll', 'one', ""'s"", 'eye']"
4/C1;II;to pull a face;['pull', 'a', 'face']
4/C1;II;kind;['kind']
4/C1;II;forever;['forever']
4/C1;II;Miss (BE);['Miss']
4/C1;II;to whisper;['whisper']
4/C1;II;What's wrong?;"['What', ""'s"", 'wrong', '?']"
4/C1;II;outside;['outside']
4/C1;II;to muck sth up (informal);['muck', 'sth', 'up']
4/C1;II;to smile (at);['smile']
4/C1;II;arrogant;['arrogant']
4/C1;II;emotion;['emotion']
4/C1;II;to clap;['clap']
4/C1;II;to give sb the thumbs down;['give', 'sb', 'the', 'thumb', 'down']
4/C1;II;back;['back']
4/C1;II;to stammer;['stammer']
4/C2;II;twice;['twice']
4/C2;II;to remember;['remember']
4/C2;II;competition;['competition']
4/C3;II;spelling (no pl);['spelling']
4/C4;II;card;['card']
4/C4;II;to smile;['smile']
4/C4;II;to move;['move']
4/C4;II;pile;['pile']
4/C4;II;to turn sth upside down;['turn', 'sth', 'upside', 'down']
4/C4;II;player;['player']
4/C5;II;to trick sb out (of sth);['trick', 'sb', 'out']
4/C5;II;to tell a sob story (informal);['tell', 'a', 'sob', 'story']
4/C5;II;at least;['at', 'least']
4/C5;II;everyone else;['everyone', 'else']
4/C5;II;someone else;['someone', 'else']
4/C5;II;to be around;['be', 'around']
4/C5;II;to be fed up with sb/sth (informal);['be', 'fed', 'up', 'with', 'sb']
4/C5;II;to pretend;['pretend']
4/C5;II;to lose;['lose']
4/C6;II;choice;['choice']
4/C6;II;to keep cool;['keep', 'cool']
4/C6;II;loser;['loser']
4/C7;II;to take over;['take', 'over']
4/C9;II;boo!;['boo', '!']
4/C9;II;the one;['the', 'one']
5/A;II;Going green;['Going', 'green']
5/A;II;mill;['mill']
5/A2;II;to divide into;['divide', 'into']
5/A2;II;report;['report']
5/A2;II;fashion;['fashion']
5/A2;II;environment (no pl);['environment']
5/A2;II;planet;['planet']
5/A2;II;plastic;['plastic']
5/A2;II;handprint;['handprint']
5/A2;II;to make a pledge;['make', 'a', 'pledge']
5/A2;II;solar;['solar']
5/A2;II;energy (no pl);['energy']
5/A2;II;to donate;['donate']
5/A2;II;solar panel;['solar', 'panel']
5/A2;II;to take a step;['take', 'a', 'step']
5/A2;II;field study;['field', 'study']
5/A2;II;forest;['forest']
5/A2;II;exercise;['exercise']
5/A2;II;to turn out;['turn', 'out']
5/A2;II;stay;['stay']
5/A2;II;combination;['combination']
5/A2;II;fieldwork;['fieldwork']
5/A2;II;to study;['study']
5/A2;II;wildlife (no pl);['wildlife']
5/A2;II;plant;['plant']
5/A3;II;Take notes.;['Take', 'note', '.']
5/A3;II;to take notes;['take', 'note']
5/A4;II;headline;['headline']
5/A4;II;entertaining;['entertaining']
5/A4;II;to refer (back) to;['refer', 'to']
5/B1;II;to protect;['protect']
5/B1;II;to recycle;['recycle']
5/B1;II;to turn off;['turn', 'off']
5/B2;II;that day;['that', 'day']
5/B2;II;bike doctor;['bike', 'doctor']
5/B3;II;to leave on standby;['leave', 'on', 'standby']
5/B3;II;to throw (away);['throw']
5/B4;II;be allowed to do sth;['be', 'allowed', 'to', 'do', 'sth']
5/B4;II;to take a break;['take', 'a', 'break']
5/B4;II;to finish;['finish']
5/B4;II;to do the washing-up (BE);['do', 'the', 'washing-up']
5/B4;II;Congratulations!;['Congratulations', '!']
5/B5;II;may;['may']
5/B6;II;advice (no pl);['advice']
5/B6;II;chewing gum (no pl);['chewing', 'gum']
5/B6;II;striped;['striped']
5/B6;II;shirt;['shirt']
5/B7;II;to vote for sb/sth;['vote', 'for', 'sb']
5/B7;II;super (informal);['super']
5/B8;II;to make a fool of sb/oneself;['make', 'a', 'fool', 'of', 'sb']
5/B8;II;to cover;['cover']
5/B8;II;topic;['topic']
5/B8;II;transport (no pl);['transport']
5/B8;II;waste (no pl);['waste']
5/B8;II;glass (no pl);['glass']
5/B8;II;product;['product']
5/B8;II;less;['le']
5/B8;II;packaging (no pl);['packaging']
5/B8;II;to compost;['compost']
5/B8;II;organic waste;['organic', 'waste']
5/B8;II;to mention;['mention']
5/B8;II;lunch break;['lunch', 'break']
5/B8;II;behaviour (no pl);['behaviour']
5/B9;II;to keep warm;['keep', 'warm']
5/B9;II;central heating (no pl);['central', 'heating']
5/B9;II;to plant;['plant']
5/C2;II;to be off;['be', 'off']
5/C2;II;they'll (= they will);"['they', ""'ll""]"
5/C2;II;toothbrush;['toothbrush']
5/C2;II;soap;['soap']
5/C2;II;alcohol (no pl);['alcohol']
5/C2;II;to collect;['collect']
5/C2;II;pocket money;['pocket', 'money']
5/C2;II;Yours sincerely;['Yours', 'sincerely']
5/C4;II;to convince;['convince']
5/C5;II;to give away;['give', 'away']
5/C5;II;to pinch;['pinch']
5/C5;II;anyway;['anyway']
5/C5;II;front (no pl);['front']
5/C6;II;to wake up;['wake', 'up']
5/C6;II;Get off!;['Get', 'off', '!']
5/C6;II;to fall down;['fall', 'down']
5/C6;II;to put up;['put', 'up']
5/C6;II;Hurry up!;['Hurry', 'up', '!']
5/C6;II;to stand up;['stand', 'up']
5/C6;II;to hold up;['hold', 'up']
5/C6;II;bin;['bin']
5/C6;II;to go red;['go', 'red']
5/C6;II;to walk up to sb;['walk', 'up', 'to', 'sb']
5/C6;II;to play a trick on sb;['play', 'a', 'trick', 'on', 'sb']
5/C6;II;to leave sb alone;['leave', 'sb', 'alone']
5/C6;II;to bully;['bully']
6/A;II;overtake;['overtake']
6/A2;II;rowing (no pl);['rowing']
6/A2;II;health (no pl);['health']
6/A2;II;up and down;['up', 'and', 'down']
6/A2;II;second;['second']
6/A2;II;to be out of/short of breath;['be', 'out', 'of', 'of', 'breath']
6/A2;II;to touch;['touch']
6/A2;II;stairs;['stair']
6/A2;II;a little;['a', 'little']
6/A2;II;to balance;['balance']
6/A2;II;press-up (BE);['press-up']
6/A2;II;hardly;['hardly']
6/A2;II;mostly;['mostly']
6/A2;II;to keep up;['keep', 'up']
6/A2;II;to cycle;['cycle']
6/A2;II;Oh dear! (informal);['Oh', 'dear', '!']
6/A6;II;sports (AE, pl);['sport', 'AE', ',']
6/B1;II;Say why.;['Say', 'why', '.']
6/B1;II;to score (a goal);['score']
6/B1;II;to leave;['leave']
6/B1;II;to stand;['stand']
6/B1;II;to pull;['pull']
6/B1;II;to shoot;['shoot']
6/B1;II;all around;['all', 'around']
6/B1;II;ground;['ground']
6/B1;II;yard;['yard']
6/B1;II;to get set;['get', 'set']
6/B1;II;net;['net']
6/B1;II;roar (no pl);['roar']
6/B2;II;to argue (about);['argue']
6/B2;II;to fall down;['fall', 'down']
6/B2;II;to catch;['catch']
6/B2;II;to chase;['chase']
6/B2;II;toward(s);['toward']
6/B4;II;to stick out;['stick', 'out']
6/B4;II;tongue;['tongue']
6/B4;II;flag;['flag']
6/B4;II;to hold;['hold']
6/B4;II;to bleed;['bleed']
6/B4;II;ground;['ground']
6/B5;II;waiting room;['waiting', 'room']
6/B10;II;mystery;['mystery']
6/B10;II;to solve;['solve']
6/B10;II;to make up;['make', 'up']
6/B10;II;unconscious;['unconscious']
6/B10;II;changing room;['changing', 'room']
6/B10;II;to lock;['lock']
6/B10;II;to miss;['miss']
6/B10;II;cyclist;['cyclist']
6/B10;II;to break one's arm;"['break', 'one', ""'s"", 'arm']"
6/B10;II;victim;['victim']
6/B10;II;witness;['witness']
6/C1;II;most;['most']
6/C1;II;to dislike;['dislike']
6/C2;II;to compete;['compete']
6/C2;II;against;['against']
6/C2;II;successful;['successful']
6/C2;II;cup;['cup']
6/C2;II;to battle (out);['battle']
6/C2;II;to break;['break']
6/C2;II;the furthest;['the', 'furthest']
6/C2;II;neck and neck;['neck', 'and', 'neck']
6/C2;II;to depend (on);['depend']
6/C2;II;to be in the lead;['be', 'in', 'the', 'lead']
6/C2;II;to overtake;['overtake']
6/C2;II;to gain;['gain']
6/C2;II;as usual;['a', 'usual']
6/C2;II;competitive;['competitive']
6/C2;II;serious;['serious']
6/C2;II;outstanding;['outstanding']
6/C3;II;to train;['train']
6/C3;II;to promise;['promise']
6/C4;II;victory;['victory']
6/C4;II;confident;['confident']
6/C4;II;to chant;['chant']
6/C4;II;nothing;['nothing']
6/C4;II;enthusiastic;['enthusiastic']
6/C4;II;loudspeaker;['loudspeaker']
6/C4;II;rather;['rather']
6/C4;II;pale;['pale']
6/C4;II;to join;['join']
6/C4;II;starting line;['starting', 'line']
6/C4;II;to cross one's fingers for luck;"['cross', 'one', ""'s"", 'finger', 'for', 'luck']"
6/C4;II;to come on;['come', 'on']
6/C4;II;On your marks, get set, go!;['On', 'your', 'mark', ',', 'get', 'set', ',', 'go', '!']
6/C4;II;mad;['mad']
6/C4;II;dramatic;['dramatic']
6/C4;II;Typical! (informal);['Typical', '!']
6/C4;II;to hug;['hug']
6/C4;II;impatient;['impatient']
6/C4;II;to announce;['announce']
6/C5;II;to pronounce;['pronounce']
6/C5;II;stress;['stress']
6/P11;II;became;['became']
6/C8;II;chant;['chant']
6/C8;II;rhyming;['rhyming']
6/C8;II;to repeat;['repeat']
6/C8;II;to defeat;['defeat']
6/C8;II;to improve;['improve']
6/C9;II;thought;['thought']
6/C9;II;opinion;['opinion']
6/C9;II;point of view;['point', 'of', 'view']
6/C9;II;ambitious;['ambitious']
6/C9;II;frustrated;['frustrated']
6/C9;II;determined;['determined']
6/C9;II;jealous;['jealous']
6/C9;II;emotional;['emotional']
6/O5;II;golf;['golf']
1/A;III;to be on the move (irr);['be', 'on', 'the', 'move']
1/A;III;agony aunt;['agony', 'aunt']
1/A1;III;kind;['kind']
1/A1;III;to get married (irr), to marry;['get', 'married', ',', 'to', 'marry']
1/A1;III;miserable;['miserable']
1/A1;III;you see;['you', 'see']
1/A1;III;to fall in love (with sb) (irr);['fall', 'in', 'love', 'with', 'sb']
1/A1;III;to hang out with sb (irr);['hang', 'out', 'with', 'sb']
1/A1;III;to make sb do sth (irr);['make', 'sb', 'do', 'sth']
1/A1;III;heartbroken;['heartbroken']
1/A1;III;to forget about sth/sb (irr);['forget', 'about', 'sth']
1/A1;III;obviously;['obviously']
1/A1;III;on the one hand … on the other hand;['on', 'the', 'one', 'hand', 'on', 'the', 'other', 'hand']
1/A1;III;choice;['choice']
1/A2;III;character;['character']
1/A2;III;guess;['guess']
1/A2;III;sense;['sense']
1/A3;III;to think of (irr);['think', 'of']
1/A3;III;following;['following']
1/A3;III;helpful;['helpful']
1/A3;III;amusing;['amusing']
1/A4;III;to scan (for);['scan']
1/B2;III;to drop a bombshell (informal);['drop', 'a', 'bombshell']
1/B2;III;to move house/home;['move', 'house']
1/B2;III;to move;['move']
1/B2;III;to turn on;['turn', 'on']
1/B2;III;to suggest;['suggest']
1/B2;III;to slam the door shut;['slam', 'the', 'door', 'shut']
1/B2;III;to take a deep breath (irr);['take', 'a', 'deep', 'breath']
1/B2;III;to feel for sb (irr);['feel', 'for', 'sb']
1/B2;III;to turn away;['turn', 'away']
1/B2;III;even if;['even', 'if']
1/B2;III;point of view;['point', 'of', 'view']
1/B3;III;to correct;['correct']
1/B3;III;criterion (pl criteria);['criterion', 'criterion']
1/B4;III;action;['action']
1/B6;III;mood;['mood']
1/B6;III;impression;['impression']
1/B6;III;to illustrate;['illustrate']
1/B6;III;simple;['simple']
1/B6;III;to feel like doing sth (irr);['feel', 'like', 'doing', 'sth']
1/B6;III;to break down (irr);['break', 'down']
1/B8;III;I don't care;"['I', 'do', ""n't"", 'care']"
1/B8;III;reasonable;['reasonable']
1/B8;III;flat;['flat']
1/B8;III;to leave sb behind (irr);['leave', 'sb', 'behind']
1/B8;III;to accept;['accept']
1/B11;III;change;['change']
1/B11;III;background;['background']
1/B11;III;to expect;['expect']
1/B11;III;to take turns (irr);['take', 'turn']
1/C2;III;survey;['survey']
1/C3;III;to chat (to sb);['chat']
1/C3;III;farewell;['farewell']
1/C3;III;to work out;['work', 'out']
1/C3;III;I got your point;['I', 'got', 'your', 'point']
1/C3;III;to come up with sth (irr);['come', 'up', 'with', 'sth']
1/C6;III;to express;['express']
1/C6;III;comment;['comment']
1/C6;III;last;['last']
1/C6;III;to feel sorry (irr);['feel', 'sorry']
1/C8;III;sweet;['sweet']
1/C8;III;whether;['whether']
1/C8;III;upbeat;['upbeat']
1/C8;III;depressed;['depressed']
1/C8;III;catchy;['catchy']
1/C8;III;powerful;['powerful']
1/C8;III;to be out of sth (irr);['be', 'out', 'of', 'sth']
1/C10;III;to upload;['upload']
1/C10;III;brave;['brave']
1/C10;III;fight;['fight']
1/C10;III;over;['over']
1/C10;III;autograph;['autograph']
1/C10;III;the latest ...;['the', 'latest']
1/C10;III;uncomfortable;['uncomfortable']
1/C10;III;float;['float']
1/C10;III;to take off (irr);['take', 'off']
1/C10;III;memory;['memory']
1/C10;III;to compliment sb;['compliment', 'sb']
1/C10;III;particular;['particular']
1/C11;III;no longer;['no', 'longer']
1/C12;III;to make up (irr);['make', 'up']
2/A1;III;mile;['mile']
2/A1;III;motorway;['motorway']
2/A1;III;lake;['lake']
2/A3;III;to go for a walk (irr);['go', 'for', 'a', 'walk']
2/A3;III;walk;['walk']
2/A3;III;to rise (irr);['rise']
2/A3;III;high street;['high', 'street']
2/B;III;decision;['decision']
2/B2;III;day school;['day', 'school']
2/B2;III;housemother, housefather, houseparents (only pl);['housemother', ',', 'housefather', ',', 'houseparents', 'only']
2/B2;III;sports field;['sport', 'field']
2/B2;III;atmosphere;['atmosphere']
2/B2;III;dorm (= dormitory) (informal);['dorm', '=', 'dormitory']
2/B2;III;form;['form']
2/B2;III;to make the most of sth (irr);['make', 'the', 'most', 'of', 'sth']
2/B2;III;annual;['annual']
2/B2;III;entry;['entry']
2/B2;III;to prefer;['prefer']
2/B2;III;suitable;['suitable']
2/B3;III;entry;['entry']
2/B3;III;fab (= fabulous) (informal);['fab', '=', 'fabulous']
2/B3;III;to make friends (with sb) (irr);['make', 'friend', 'with', 'sb']
2/B5;III;neighbour;['neighbour']
2/B7;III;statement;['statement']
2/B7;III;player;['player']
2/B7;III;serious;['serious']
2/B7;III;to earn;['earn']
2/B9;III;to ground;['ground']
2/B9;III;forward(s);['forward']
2/B9;III;backwards;['backwards']
2/B9;III;tackling (no pl);['tackling']
2/B9;III;scrum;['scrum']
2/B9;III;guard;['guard']
2/B10;III;generous;['generous']
2/B10;III;to give sb a hug (irr);['give', 'sb', 'a', 'hug']
2/B10;III;if only;['if', 'only']
2/B10;III;assessment (no pl);['assessment']
2/B10;III;to study;['study']
2/B10;III;studies (only pl);['study', 'only']
2/B10;III;stuff (no pl, informal);['stuff', ',', 'informal']
2/B10;III;glad;['glad']
2/B10;III;personal;['personal']
2/B10;III;formal;['formal']
2/B10;III;informal;['informal']
2/B10;III;incomplete;['incomplete']
2/B10;III;exclamation;['exclamation']
2/C1;III;to pass;['pas']
2/C1;III;hope;['hope']
2/C1;III;worry;['worry']
2/C2;III;to survive;['survive']
2/C2;III;luckily;['luckily']
2/C2;III;to attach;['attach']
2/C2;III;arrival;['arrival']
2/C2;III;registration;['registration']
2/C2;III;assembly;['assembly']
2/C2;III;period;['period']
2/C2;III;break;['break']
2/C2;III;to depart;['depart']
2/C2;III;prep (no pl);['prep']
2/C2;III;to afford sth;['afford', 'sth']
2/C2;III;I'd rather (= I would rather);"['I', ""'d"", 'rather']"
2/C4;III;line;['line']
2/C4;III;mixed;['mixed']
2/C4;III;to realize;['realize']
2/C6;III;to turn sth upside down;['turn', 'sth', 'upside', 'down']
2/C7;III;to leave out (irr);['leave', 'out']
2/C7;III;to rewrite (irr);['rewrite']
2/C8;III;twin;['twin']
2/C8;III;necessary;['necessary']
2/C8;III;to comfort;['comfort']
2/C9;III;view;['view']
2/C9;III;to exchange;['exchange']
2/C9;III;hospice;['hospice']
2/C9;III;bivvy (= bivouac sack) (informal);['bivvy', '=', 'bivouac', 'sack']
2/C9;III;Northern Lights (only pl);['Northern', 'Lights', 'only']
2/C11;III;to turn;['turn']
2/C11;III;so that;['so', 'that']
2/C11;III;to argue (about);['argue']
3/A2;III;Brit (informal);['Brit']
3/A2;III;truth (no pl);['truth']
3/A2;III;legend;['legend']
3/A3;III;the BBC (= British Broadcasting Corporation);['the', 'BBC']
3/A3;III;series (only pl);['series', 'only']
3/A3;III;to allow;['allow']
3/A3;III;to appear;['appear']
3/A3;III;conflict;['conflict']
3/A6;III;object;['object']
3/A6;III;creature;['creature']
3/A6;III;description;['description']
3/B2;III;to name;['name']
3/B2;III;the Norman Conquest;['the', 'Norman', 'Conquest']
3/B2;III;to capture;['capture']
3/B2;III;to ache;['ache']
3/B2;III;meanwhile;['meanwhile']
3/B2;III;to march;['march']
3/B2;III;to defeat;['defeat']
3/B2;III;to turn around;['turn', 'around']
3/B3;III;to return;['return']
3/B5;III;to teach (irr);['teach']
3/B5;III;to publish;['publish']
3/B7;III;to highlight;['highlight']
3/B7;III;virgin;['virgin']
3/B7;III;to have sth done (irr);['have', 'sth', 'done']
3/B7;III;to be displeased (irr);['be', 'displeased']
3/B7;III;to execute;['execute']
3/B7;III;to raise;['raise']
3/B7;III;to rule;['rule']
3/B7;III;politics (only pl);['politics', 'only']
3/B7;III;to lead (irr);['lead']
3/B7;III;to plot;['plot']
3/B7;III;to lock away;['lock', 'away']
3/B7;III;to research;['research']
3/B7;III;to simplify;['simplify']
3/B7;III;to rephrase;['rephrase']
3/B7;III;to combine;['combine']
3/B7;III;to shorten;['shorten']
3/B7;III;unnecessary;['unnecessary']
3/B7;III;order;['order']
3/B7;III;meaning;['meaning']
3/B7;III;French;['French']
3/B7;III;prefix;['prefix']
3/B7;III;suffix;['suffix']
3/B10;III;legendary;['legendary']
3/B10;III;literary;['literary']
3/B10;III;surprising;['surprising']
3/B10;III;pronunciation (no pl);['pronunciation']
3/B10;III;cue;['cue']
3/B10;III;pair;['pair']
3/C1;III;to match sth to sth;['match', 'sth', 'to', 'sth']
3/C2;III;summary;['summary']
3/C2;III;performance;['performance']
3/C2;III;to declare;['declare']
3/C2;III;to betray;['betray']
3/C2;III;to crown;['crown']
3/C4;III;peace (no pl);['peace']
3/C4;III;to threaten;['threaten']
3/C4;III;Roman;['Roman']
3/C4;III;to blackmail;['blackmail']
3/C5;III;definitely;['definitely']
3/C5;III;not mind doing sth;['not', 'mind', 'doing', 'sth']
3/C5;III;to consider;['consider']
3/C9;III;caption;['caption']
3/C9;III;to discover;['discover']
3/C10;III;Your Majesty;['Your', 'Majesty']
3/C10;III;to disturb;['disturb']
3/C10;III;cloaked;['cloaked']
3/C10;III;figure;['figure']
3/C10;III;to recognize;['recognize']
3/C10;III;to replace (with);['replace']
3/C10;III;servant;['servant']
3/C10;III;at last;['at', 'last']
3/C10;III;a piece of information;['a', 'piece', 'of', 'information']
3/C10;III;scoundrel;['scoundrel']
3/C10;III;completely;['completely']
3/C10;III;to silence;['silence']
3/C10;III;stage direction;['stage', 'direction']
3/C10;III;terrified;['terrified']
3/C10;III;to command;['command']
3/C10;III;to beg;['beg']
3/C11;III;to pay attention (irr);['pay', 'attention']
3/C11;III;attention (no pl);['attention']
3/C11;III;pace;['pace']
3/C11;III;facial expression;['facial', 'expression']
3/C11;III;time;['time']
3/C12;III;to divide into;['divide', 'into']
3/C12;III;to edit;['edit']
4/A;III;to keep sb posted (irr);['keep', 'sb', 'posted']
4/A;III;to connect;['connect']
4/A2;III;to skim;['skim']
4/A2;III;to make fun of sb (irr);['make', 'fun', 'of', 'sb']
4/A2;III;sis (= sister) (informal);['si', '=', 'sister']
4/A2;III;OTW (= on the way) (informal);['OTW', '=', 'on', 'the', 'way']
4/A3;III;either ... or ...;['either', 'or']
4/A3;III;feeling;['feeling']
4/A3;III;close;['close']
4/A4;III;relationship;['relationship']
4/A4;III;complicated;['complicated']
4/B1;III;to put sth on the line (irr);['put', 'sth', 'on', 'the', 'line']
4/B2;III;in my opinion;['in', 'my', 'opinion']
4/B2;III;doubt;['doubt']
4/B2;III;What's got into ...? (informal);"['What', ""'s"", 'got', 'into', '?']"
4/B2;III;Welshwoman;['Welshwoman']
4/B2;III;to be the talk of the town (irr);['be', 'the', 'talk', 'of', 'the', 'town']
4/B2;III;That's none of your business. (informal);"['That', ""'s"", 'none', 'of', 'your', 'business', '.']"
4/B2;III;to be friends (with sb) (irr);['be', 'friend', 'with', 'sb']
4/B2;III;to be in touch (with sb) (irr);['be', 'in', 'touch', 'with', 'sb']
4/B2;III;to claim;['claim']
4/B2;III;to point out;['point', 'out']
4/B3;III;to report;['report']
4/B4;III;effect;['effect']
4/B4;III;Valentine's Day;"['Valentine', ""'s"", 'Day']"
4/B4;III;to get to know sb (irr);['get', 'to', 'know', 'sb']
4/B4;III;confused;['confused']
4/B4;III;to insist;['insist']
4/B5;III;set;['set']
4/B5;III;silent;['silent']
4/B5;III;latest;['latest']
4/B5;III;development;['development']
4/B5;III;responsible;['responsible']
4/B5;III;trouble (no pl);['trouble']
4/B5;III;to introduce;['introduce']
4/B7;III;social studies (only pl);['social', 'study', 'only']
4/B7;III;to list;['list']
4/B7;III;to keep sb up-to-date (irr);['keep', 'sb', 'up-to-date']
4/B7;III;cause;['cause']
4/B7;III;to join;['join']
4/B8;III;separate;['separate']
4/B8;III;sheet;['sheet']
4/B8;III;username;['username']
4/C1;III;roller coaster;['roller', 'coaster']
4/C3;III;Valentine's card;"['Valentine', ""'s"", 'card']"
4/C3;III;it says;['it', 'say']
4/C3;III;to help oneself (to sth);['help', 'oneself']
4/C4;III;yourself (pl yourselves);['yourself', 'yourselves']
4/C4;III;himself;['himself']
4/C4;III;itself;['itself']
4/C4;III;themselves;['themselves']
4/C4;III;use;['use']
4/C5;III;to burn;['burn']
4/C5;III;to wash;['wash']
4/C5;III;to dress;['dress']
4/C6;III;to reassure sb;['reassure', 'sb']
4/C6;III;on one's own;"['on', 'one', ""'s"", 'own']"
4/C6;III;to relax;['relax']
4/C9;III;to turn up;['turn', 'up']
4/C9;III;to appear;['appear']
4/C9;III;irritated;['irritated']
4/C9;III;amused;['amused']
4/C9;III;to sympathize (with);['sympathize']
4/C9;III;to solve;['solve']
4/C9;III;What's wrong?;"['What', ""'s"", 'wrong', '?']"
4/C9;III;to check in;['check', 'in']
4/C10;III;ending;['ending']
4/C10;III;storyline;['storyline']
4/C10;III;spelling (no pl);['spelling']
5/A;III;diverse;['diverse']
5/A;III;exchange;['exchange']
5/A2;III;to consider;['consider']
5/A3;III;firstly;['firstly']
5/A3;III;to be keen on sb/sth (informal) (irr);['be', 'keen', 'on', 'sb', 'informal']
5/A4;III;medical;['medical']
5/A4;III;dietary;['dietary']
5/A4;III;to go skiing (irr);['go', 'skiing']
5/A4;III;Asia;['Asia']
5/A4;III;particularly;['particularly']
5/A4;III;to be allergic to sth (irr);['be', 'allergic', 'to', 'sth']
5/B1;III;custom;['custom']
5/B2;III;to get on (with sb) (irr);['get', 'on', 'with', 'sb']
5/B3;III;to be thirsty (irr);['be', 'thirsty']
5/B3;III;to mean to do sth (irr);['mean', 'to', 'do', 'sth']
5/B3;III;ought to do sth;['ought', 'to', 'do', 'sth']
5/B5;III;neither of ...;['neither', 'of']
5/B9;III;to apologize (to/for);['apologize']
5/B9;III;apology;['apology']
5/B10;III;misunderstanding;['misunderstanding']
5/B10;III;expression;['expression']
5/B11;III;combination;['combination']
5/B11;III;Bengali;['Bengali']
5/B11;III;line;['line']
5/B11;III;balti (no pl);['balti']
5/B11;III;fabric;['fabric']
5/B11;III;once;['once']
5/B11;III;elsewhere;['elsewhere']
5/B11;III;brewery;['brewery']
5/B11;III;independent;['independent']
5/B11;III;business (no pl);['business']
5/B11;III;type;['type']
5/B11;III;bakery;['bakery']
5/B14;III;paragraph;['paragraph']
5/B14;III;tube;['tube']
5/B14;III;embankment;['embankment']
5/B14;III;escalator;['escalator']
5/B14;III;bridge;['bridge']
5/B14;III;artist;['artist']
5/B14;III;statue;['statue']
5/B14;III;fish and chips (no pl);['fish', 'and', 'chip']
5/B14;III;cyclist;['cyclist']
5/B14;III;to take a (closer) look at sth (irr);['take', 'a', 'closer', 'look', 'at', 'sth']
5/B14;III;structure;['structure']
5/C;III;to be into sb/sth (informal, irr);['be', 'into', 'sb', 'informal', ',']
5/C1;III;pinboard;['pinboard']
5/C1;III;Formula 1 (no pl);['Formula', '1']
5/C1;III;heptathlon (no pl);['heptathlon']
5/C4;III;to compete;['compete']
5/C4;III;Paralympics (only pl);['Paralympics', 'only']
5/C4;III;in addition (to);['in', 'addition']
5/C4;III;to be keen to do sth (irr);['be', 'keen', 'to', 'do', 'sth']
5/C4;III;to continue doing sth/to do sth;['continue', 'doing', 'sth', 'do', 'sth']
5/C4;III;to focus;['focus']
5/C4;III;to be used to doing sth (irr);['be', 'used', 'to', 'doing', 'sth']
5/C6;III;someone else;['someone', 'else']
5/C6;III;to fall asleep (irr);['fall', 'asleep']
5/C8;III;bad;['bad']
6/A;III;the great outdoors;['the', 'great', 'outdoors']
6/A1;III;blurb;['blurb']
6/A1;III;to be set (irr);['be', 'set']
6/A1;III;to provide;['provide']
6/A1;III;to sink (irr);['sink']
6/A1;III;foreground;['foreground']
6/A1;III;left-hand;['left-hand']
6/A1;III;right-hand;['right-hand']
6/A1;III;bottom;['bottom']
6/A3;III;to recommend;['recommend']
6/B1;III;means (of);['mean']
6/B1;III;travel (no pl);['travel']
6/B1;III;travelling;['travelling']
6/B1;III;fare;['fare']
6/B1;III;average;['average']
6/B1;III;destination;['destination']
6/B1;III;payment;['payment']
6/B1;III;duration (no pl);['duration']
6/B1;III;single (ticket);['single']
6/B2;III;comfortable;['comfortable']
6/B2;III;line;['line']
6/B2;III;departure;['departure']
6/B2;III;to reach;['reach']
6/B2;III;return (ticket);['return']
6/B6;III;to sum up;['sum', 'up']
6/B6;III;final;['final']
6/B6;III;uncertain;['uncertain']
6/B6;III;ages (only pl, informal);['age', 'only', ',', 'informal']
6/B6;III;to reduce;['reduce']
6/B6;III;healthy;['healthy']
6/B6;III;to plant;['plant']
6/B6;III;urban;['urban']
6/C1;III;out and about;['out', 'and', 'about']
6/C1;III;haggis (no pl);['haggis']
6/C1;III;cathedral;['cathedral']
6/C1;III;necropolis;['necropolis']
6/C3;III;silver;['silver']
6/C3;III;to volunteer;['volunteer']
6/C3;III;physical;['physical']
6/C3;III;residential;['residential']
6/C3;III;to sail;['sail']
6/C4;III;bronze;['bronze']
6/C4;III;bicycle;['bicycle']
6/C4;III;on horseback;['on', 'horseback']
6/C4;III;research;['research']
6/C4;III;specific;['specific']
6/C4;III;goal;['goal']
6/C4;III;to supervise;['supervise']
6/C4;III;to assess;['ass']
6/C4;III;evidence (no pl);['evidence']
6/C4;III;progress (no pl);['progress']
6/C6;III;path;['path']
6/C8;III;to paddle;['paddle']
6/C8;III;to be/get sunburnt (irr);['be', 'sunburnt']
6/C8;III;to slip;['slip']
6/C8;III;to manage sth;['manage', 'sth']
6/C8;III;to go wrong (irr);['go', 'wrong']
6/C10;III;target;['target']
